Metric,Value
Accuracy,0.9863013698630136
Error Rate,0.0136986301369863
Sensitivity,0.9666666666666667
Specificity,1.0
G-Mean,0.983192080250175
Precision,1.0
F1-Score,0.983050847457627
AUC,0.9829457364341085
