Metric,Value
Accuracy,0.9626016260162602
Error Rate,0.03739837398373984
Sensitivity,0.3203252032520325
Specificity,0.6422764227642277
G-Mean,0.0
Precision,0.3203252032520325
F1-Score,0.3203252032520325
AUC,0.9649692412850307
