Metric,Value
Accuracy,0.6519337016574586
Error Rate,0.34806629834254144
Sensitivity,0.6078431372549019
Specificity,0.6692307692307692
G-Mean,0.6377988164905467
Precision,0.4189189189189189
F1-Score,0.49599999999999994
AUC,0.6464384945693357
